"Data","Dzień tygodnia","Wspomnienie","Sigla"
"2023-01-01","Niedziela","Uroczystość Świętej Bożej Rodzicielki
Oktawa Narodzenia Pańskiego Uroczystość Świętej Bożej Rodzicielki Maryi
","Lb 6,22-27, Ps 67,2-3.5.8, Ga 4,4-7, Łk 2,16-21"
"2023-01-02","Poniedziałek","
Świętych Bazylego Wielkiego I Grzegorza Z Nazjanzu, Biskupów I Doktorów Kościoła
","1 J 2,22-28, Ps 98,1-4, J 1,19-28"
"2023-01-03","Wtorek","
Najświętszego Imienia Jezus
","1 J 2,29-3,6, Ps 98,1.3-6, J 1,29-34"
"2023-01-04","Środa","

","1 J 3,7-10, Ps 98,1.7-9, J 1,35-42"
"2023-01-05","Czwartek","

","1 J 3,11-21, Ps 100,1-5, J 1,43-51"
"2023-01-06","Piątek","Uroczystość Objawienia Pańskiego
Objawienie Pańskie
","Iz 60,1-6, Ps 72,1-2.7-8.10-13, Ef 3,2-3a.5-6, Mt 2,1-12"
"2023-01-07","Sobota","
Św. Rajmunda Z Penyafort, Prezbitera
","1 J 3,22-4,6, Ps 2,7-8.10-11, Mt 4,12-17.23-25"
"2023-01-08","Niedziela","NIEDZIELA CHRZTU PAŃSKIEGO

","Iz 42,1-4.6-7, Ps 29,1-4.9b-10, Dz 10,34-38, Mt 3,13-17"
"2023-01-09","Poniedziałek","

","Hbr 1,1-6, Ps 97,1-2.6-7.9.12, Mk 1,14-20"
"2023-01-10","Wtorek","
W Diecezji Drohiczyńskiej: Rocznica Poświęcenia Kościoła Katedralnego W Drohiczynie
","Hbr 2,5-12, Ps 8,2.5-9, Mk 1,21-28"
"2023-01-11","Środa","

","Hbr 2,14-18, Ps 105,1-4.6-9, Mk 1,29-39"
"2023-01-12","Czwartek","

","Hbr 3,7-14, Ps 95,6-11, Mk 1,40-45"
"2023-01-13","Piątek","
Św. Hilarego, Biskupa I Doktora Kościoła
","Hbr 4,1-5.11, Ps 78,3.4bc.6-8, Mk 2,1-12"
"2023-01-14","Sobota","

","Hbr 4,12-16, Ps 19,8-10.15, Mk 2,13-17"
"2023-01-15","Niedziela","II NIEDZIELA ZWYKŁA

","Iz 49,3.5-6, Ps 40,2.4ab.7-10, 1 Kor 1,1-3, J 1,29-34"
"2023-01-16","Poniedziałek","

","Hbr 5,1-10, Ps 110, 1-4, Mk 2,18-22"
"2023-01-17","Wtorek","
Św. Antoniego, Opata
","Hbr 6,10-20, Ps 111, 1-2.4-5.9-10, Mk 2,23-28"
"2023-01-18","Środa","
W Diecezji Warmińskiej: Bł. Reginy Protmann, Dziewicy
","Hbr 7,1-3.15-17, Ps 110, 1-4, Mk 3,1-6"
"2023-01-19","Czwartek","
Św. Józefa Sebastiana Pelczara, Biskupa
","Hbr 7,25-8,6, Ps 40, 7-10.17, Mk 3,7-12"
"2023-01-20","Piątek","
Św. Fabiana, Papieża I Męczennika
","Hbr 8,6-13, Ps 85,8.10-14, Mk 3,13-19"
"2023-01-21","Sobota","
Św. Agnieszki, Dziewicy I Męczennicy
","Hbr 9,1-3.11-14, Ps 47,2-3.6-9, Mk 3,20-21"
"2023-01-22","Niedziela","III NIEDZIELA ZWYKŁA
Św. Wincentego, Diakona I Męczennika
","Iz 8,23b-9,3, Ps 27,1.4.13-14, 1 Kor 1,10-13.17, Mt 4,12-23"
"2023-01-23","Poniedziałek","
Bł. Wincentego Lewoniuka I 12 Towarzyszy, Męczenników
","Hbr 9,15.24-28, Ps 98,1-6, Mk 3,22-30"
"2023-01-24","Wtorek","
Św. Franciszka Salezego, Biskupa I Doktora Kościoła
","Hbr 10,1-10, Ps 40, Mk 3,31-35"
"2023-01-25","Środa","Czytanie ze święta Nawrócenia św. Pawła Apostoła
Nawrócenie Św. Pawła, Apostoła
","Dz 22,3-16 lub Dz 9,1-22, Ps 117, 1-2, Mk 16,15-18"
"2023-01-26","Czwartek","Czytanie ze wspomnienia Tymoteusza i Tytusa
Świętych Biskupów Tymoteusza I Tytusa
","2 Tm 1,1-8 lub Tt 1,1-5, Ps 96,1-3.7-8.10, Łk 10,1-9, Hbr 10,19-25, Ps 24, 1-6, Mk 4,21-25"
"2023-01-27","Piątek","
Bł. Jerzego Matulewicza, Biskupa
","Hbr 10,32-39, Ps 37,3-6.23-24.39-40, Mk 4,26-34"
"2023-01-28","Sobota","
Św. Tomasza Z Akwinu, Prezbitera I Doktora Kościoła
","Hbr 11,1-2.8-19, Łk 1,69-72.74-75, Mk 4,35-41"
"2023-01-29","Niedziela","IV NIEDZIELA ZWYKŁA
Bł. Bolesławy Marii Lament, Dziewicy
","So 2,3;3,12-13, Ps 146,6-10, 1 Kor 1,26-31, Mt 5,1-12a"
"2023-01-30","Poniedziałek","

","Hbr 11,32-40, Ps 31,20-24, Mk 5,1-20"
"2023-01-31","Wtorek","
Św. Jana Bosko, Prezbitera
","Hbr 12,1-4, Ps 22,26-28.30-32, Mk 5,21-43"
"2023-02-01","Środa","
W Archidiecezji Gnieźnieńskiej: Rocznica Poświęcenia Bazyliki Prymasowskiej W Gnieźnie
","Hbr 12,4-7.11-15, Ps 103,1-2.13-14.17-18, Mk 6,1-6"
"2023-02-02","Czwartek","Czytanie na święto Ofiarowania Pańskiego
Ofiarowanie Pańskie
","Ml 3,1-4 lub Hbr 2,14-18, Ps 24,7-10, Łk 2,22-40"
"2023-02-03","Piątek","
Św. Błażeja, Biskupa I Męczennika
","Hbr 13,1-8, Ps 27,1.3.5.8-9, Mk 6,14-29"
"2023-02-04","Sobota","

","Hbr 13,15-17.20-21, Ps 23,1-6, Mk 6,30-34"
"2023-02-05","Niedziela","V NIEDZIELA ZWYKŁA
Św. Agaty, Dziewicy I Męczennicy
","Iz 58,7-10, Ps 112,4-9, 1 Kor 2,1-5, Mt 5,13-16"
"2023-02-06","Poniedziałek","
Św. Pawła Miki I Towarzyszy, Męczenników
","Rdz 1,1-19, Ps 104,1-2.5-6.10.12.24.35, Mk 6,53-56"
"2023-02-07","Wtorek","

","Rdz 1,20-2,4a, Ps 8,4-9, Mk 7,1-13"
"2023-02-08","Środa","
Św. Hieronima Emilianiego
","Rdz 2,4b-9.15-17, Ps 104,1-2.27-30, Mk 7,14-23"
"2023-02-09","Czwartek","

","Rdz 2,18-25, Ps 128,1-5, Mk 7,24-30"
"2023-02-10","Piątek","
Św. Scholastyki, Dziewicy
","Rdz 3,1-8, Ps 32,1-2.5-7, Mk 7,31-37"
"2023-02-11","Sobota","
Najśw. Maryi Panny Z Lourdes
","Rdz 3,9-24, Ps 90,2.4-6.12-13, Mk 8,1-10"
"2023-02-12","Niedziela","VI NIEDZIELA ZWYKŁA

","Syr 15,15-20, Ps 119, 1 Kor 2,6-10, Mt 5,17-37"
"2023-02-13","Poniedziałek","

","Rdz 4,1-15.25, Ps 50,1.8.16-17.20-21, Mk 8,11-13"
"2023-02-14","Wtorek","Św. Cyryla i Metodego Patronów Europy
Świętych Cyryla, Mnicha, I Metodego, Biskupa, Patronów Europy
","Dz 13,46-49, Ps 117,1-2, Łk 10,1-9"
"2023-02-15","Środa","

","Rdz 8,6-13.20-22, Ps 116B, Mk 8,22-26"
"2023-02-16","Czwartek","

","Rdz 9,1-13, Ps 102,16-23.29, Mk 8,27-33"
"2023-02-17","Piątek","
Świętych Siedmiu Założycieli Zakonu Serwitów Najśw. Maryi Panny
","Rdz 11,1-9, Ps 33,10-15, Mk 8,34-9,1"
"2023-02-18","Sobota","

","Hbr 11,1-7, Ps 50,1.8.16-17.20-21, Mk 9,2-13"
"2023-02-19","Niedziela","VII NIEDZIELA ZWYKŁA

","Kpł 19,1-2.17-18, Ps 103, 1 Kor 3,16-23, Mt 5,38-48"
"2023-02-20","Poniedziałek","

","Syr 1,1-10, Ps 93,1-2.5, Mk 9,14-29"
"2023-02-21","Wtorek","
Św. Piotra Damiana, Biskupa I Doktora Kościoła
","Syr 2,1-11, Ps 37,3-4.27-29.39-40, Mk 9,30-37"
"2023-02-22","Środa","Święto Katedry św. Piotra, Apostoła
Katedry Świętego Piotra, Apostoła
","1 P 5,1-4, Ps 23,1-6, Mt 16,13-19"
"2023-02-23","Czwartek","
Św. Polikarpa, Biskupa I Męczennika
","Pwt 30,15-20, Ps 1,1-4.6, Łk 9,22-25"
"2023-02-24","Piątek","
W Diecezji Toruńskiej: Św. Polikarpa, Biskupa I Męczennika
","Iz 58,1-9, Ps 51,3-6.18-19, Mt 9,14-15"
"2023-02-25","Sobota","

","Iz 58,9b-14, Ps 86,1-6, Łk 5,27-32"
"2023-02-26","Niedziela","I NIEDZIELA WIELKIEGO POSTU

","Rdz 2,7-9;3,1-7, Ps 51,3-6.12-14.17, Rz 5,12.17-19, Mt 4,1-11"
"2023-02-27","Poniedziałek","

","Kpł 19,1-2.11-18, Ps 19,8-10.15, Mt 25,31-46"
"2023-02-28","Wtorek","

","Iz 55,10-11, Ps 34,4-7.16-19, Mt 6,7-15"
"2023-03-01","Środa","

","Jon 3,1-10, Ps 51,3-4.12-13.18-19, Łk 11,29-32"
"2023-03-02","Czwartek","

","Est 14,1.3-5.12-14, Ps 138,1-3.7c-8, Mt 7,7-12"
"2023-03-03","Piątek","

","Ez 18,21-28, Ps 130,1-8, Mt 5,20-26"
"2023-03-04","Sobota","Święto św. Kazimierza, królewicza
Św. Kazimierza, Królewicza
","Syr 51,13-20, Ps 16,1-2.5.7-8.11, Flp 3,8-14, Łk 12,35-40"
"2023-03-05","Niedziela","II NIEDZIELA WIELKIEGO POSTU

","Rdz 12,1-4a, Ps 33,4-5.18-20.22, 2 Tm 1,8b-10, Mt 17,1-9"
"2023-03-06","Poniedziałek","

","Dn 9,4b-10, Ps 79,8-9.11.13, Łk 6,36-38"
"2023-03-07","Wtorek","
Świętych Męczennic Perpetuy I Felicyty
","Iz 1, 10.16-20, Ps 50,8-9.16bc-17.21.23, Mt 23,1-12"
"2023-03-08","Środa","
Św. Jana Bożego, Zakonnika
","Jr 18,18-20, Ps 31,5-6.15-16, Mt 20,17-28"
"2023-03-09","Czwartek","
Św. Franciszki Rzymianki, Zakonnicy
","Jr 17,5-10, Ps 1,1-4.6, Łk 16,19-31"
"2023-03-10","Piątek","

","Rdz 37,3-4.12-13a.17b-28, Ps 105,16-21, Mt 21,33-43.45-46"
"2023-03-11","Sobota","

","Mi 7,14-15.18-20, Ps 103,1-4.9-12, Łk 15,1-3.11-32"
"2023-03-12","Niedziela","III NIEDZIELA WIELKIEGO POSTU
W Diecezji Polowej: Rocznica Poświęcenia Kościoła Katedralnego W Warszawie
","Wj 17,3-7, Ps 95,1-2.6-9, Rz 5,1-2.5-8, J 4,5-42"
"2023-03-13","Poniedziałek","

","2 Krl 5,1-15a, Ps 42,2-3; Ps 43,3-4, Łk 4,24-30"
"2023-03-14","Wtorek","

","Dn 3,25.34-43, Ps 25,4-9, Mt 18,21-35"
"2023-03-15","Środa","
W Archidiecezjach Krakowskiej I Warszawskiej Oraz Diecezji Warszawsko-Praskiej: Św. Klemensa Marii Hofbauera, Prezbitera
","Pwt 4,1.5-9, Ps 147,12-13.15-16.19-20, Mt 5,17-19"
"2023-03-16","Czwartek","

","Jr 7,23-28, Ps 95,1-2.6-9, Łk 11,14-23"
"2023-03-17","Piątek","
Św. Patryka, Biskupa
","Oz 14,2-10, Ps 81,6-11.14.17, Mk 12,28b-34"
"2023-03-18","Sobota","
Św. Cyryla Jerozolimskiego, Biskupa I Doktora Kościoła
","Oz 6,1-6, Ps 51,3-4.18-21, Łk 18,9-14"
"2023-03-19","Niedziela","Uroczystść świętego Józefa
Św. Józefa, Oblubieńca Najśw. Maryi Panny
","2 Sm 7,4-6.12-14a.16, Ps 89,2-5.27.29, Rz 4,13.16-18.22, Mt 1,16.18-21.24a lub Łk 2,41-51a"
"2023-03-20","Poniedziałek","

","Iz 65,17-21, Ps 30,2.4-6.11-12a.13b, J 4,43-54"
"2023-03-21","Wtorek","

","Ez 47,1-9,12, Ps 46,2-3.5-6.8-9, J 5,1-3a.5-16"
"2023-03-22","Środa","

","Iz 49,8-15, Ps 145,8-9.13cd-14.17-18, J 5,17-30"
"2023-03-23","Czwartek","
Św. Turybiusza Z Mongrovejo, Biskupa
","Wj 32,7-14, Ps 106,19-23, J 5,31-47"
"2023-03-24","Piątek","

","Mdr 2,1a.12-22, Ps 34,17-21.23, J 7,1-2.10.25-30"
"2023-03-25","Sobota","Uroczystść Zwiastowania Pańskiego
Zwiastowanie Pańskie
","Iz 7,10-14, Ps 40,7-11, Hbr 10,4-10, Łk 1,26-38"
"2023-03-26","Niedziela","V NIEDZIELA WIELKIEGO POSTU
W Archidiecezji Przemyskiej: Św. Dobrego Łotra
","Ez 37,12-14, Ps 130,1-8, Rz 8,8-11, J 11,1-45"
"2023-03-27","Poniedziałek","

","Dn 13,41-62, Ps 23,1-6, J 8,1-11"
"2023-03-28","Wtorek","

","Lb 21,4-9, Ps 102,2-3.16-21, J 8,21-30"
"2023-03-29","Środa","

","Dn 3,14-20.91-92.95, Ps: Dn 3,52-56, J 8,31-42"
"2023-03-30","Czwartek","

","Rdz 17,3-9, Ps 105,4-9, J 8,51-59"
"2023-03-31","Piątek","

","Jr 20,10-13, Ps 18,2-7, J 10,31-42"
"2023-04-01","Sobota","

","Ez 37,21-28, Jr 31,10-13, J 11,45-57"
"2023-04-02","Niedziela","NIEDZIELA MĘKI PAŃSKIEJ (PALMOWA)
Św. Franciszka Z Pauli, Pustelnika
","Iz 50,4-7, Ps 22,8-9.17-20.23-24, Flp 2,6-11, Mt 26,14-27,66"
"2023-04-03","Poniedziałek","WIELKI PONIEDZIAŁEK

","Iz 42,1-7, Ps 27,1-3.13-14, J 12,1-11"
"2023-04-04","Wtorek","WIELKI WTOREK
Św. Izydora, Biskupa I Doktora Kościoła
","Iz 49,1-6, Ps 71,1-6.15.17, J 13,21-33.36-38"
"2023-04-05","Środa","WIELKA ŚRODA
Św. Wincentego Ferreriusza, Prezbitera
","Iz 50,4-9a, Ps 69,8-10.21-22.31.33-34, Mt 26,14-25"
"2023-04-06","Czwartek","Msza Krzyżma

","Iz 61,1-3a.6a.8b-9, Ps 89,21-22.25.27, Ap 1,4-8, Łk 4,16-21, Wj 12,1-8.11-14, Ps 116,12-13.15-18, 1 Kor 11,23-26, J 13,1-15"
"2023-04-07","Piątek","
Św. Jana Chrzciciela De La Salle, Prezbitera
","Iz 52,13-53,12, Ps 31,2.6.12-13.15-17.25, Hbr 4,14-16;5,7-9, J 18,1-19,42"
"2023-04-08","","",""
"2023-04-09","Niedziela","Wigilia Paschalna

","Rdz 1,1-2,2, Ps 104,1-2a.5-6.10.12-14.24.35c, Rdz 22,1-18; Ps 16,5.8-11; Wj 14,15-15,1; Wj 15,1-2.4-5.17-18; Iz 54,4a.5-14; Ps 30,2.45-6.11-13; Iz 55,1-11; Iz 12,2.3-5; Ba 3,9-15.32-4,4; Ps 19,8-11; Ez 36,16-17a.18-28; Ps 42,2-3, Ps 43,3.4; Rz 6,3-11; Ps 118,1-2.16-17.22-23;, Mt 28,1-10, Dz 10,34a-37-43, Ps 118, Kol 3,1-4 lub 1 Kor 5,6b-8, J 20,1-9 lub Łk 24,13-35"
"2023-04-10","Poniedziałek","

","Dz 2,14.22-32, Ps 16,1-2.5.7-11, Mt 28,8-15"
"2023-04-11","Wtorek","Oktawa Uroczystości Zmartwychwstania

","Dz 2,36-41, Ps 33,4-5.18-20.22, J 20,11-18"
"2023-04-12","Środa","Oktawa Uroczystości Zmartwychwstania

","Dz 3,1-10, Ps 105,1-4.8-9, Łk 24,13-35"
"2023-04-13","Czwartek","Oktawa Uroczystości Zmartwychwstania
Św. Marcina I, Papieża I Męczennika
","Dz 3,11-26, Ps 8,2.5-9, Łk 24,35-48"
"2023-04-14","Piątek","Oktawa Uroczystości Zmartwychwstania

","Dz 4,1-12, Ps 118,1.4.22-25, J 21,1-14"
"2023-04-15","Sobota","Oktawa Uroczystości Zmartwychwstania

","Dz 4,13-21, Ps 118,1.14-16.18.21, Mk 16,9-15"
"2023-04-16","Niedziela","NIEDZIELA MIŁOSIERDZIA BOŻEGO

","Dz 2,42-47, Ps 118,1.4.13-14.22.24, 1 P 1,3-9, J 20,19-31"
"2023-04-17","Poniedziałek","

","Dz 4,23-31, Ps 2,1-2.4-5.7-8, J 3,1-8"
"2023-04-18","Wtorek","

","Dz 4,32-37, Ps 93,1-5, J 3,7-15"
"2023-04-19","Środa","

","Dz 5,17-26, Ps 34,2-9, J 3,16-21"
"2023-04-20","Czwartek","

","Dz 5,27-33, Ps 34,2.9.17-20, J 3,31-36"
"2023-04-21","Piątek","
Św. Anzelma, Biskupa I Doktora Kościoła
","Dz 5,34-42, Ps 27,1.4.13-14, J 6,1-15"
"2023-04-22","Sobota","

","Dz 6,1-7, Ps 33,1-2.4-5.18-19, J 6,16-21"
"2023-04-23","Niedziela","Uroczystość św. Wojciecha, biskupa i męczennika, gównego patrona Polski
Św. Wojciecha, Biskupa I Męczennika, Głównego Patrona Polski, Archidiecezji Gnieźnieńskiej, Gdańskiej I Warmińskiej Oraz Diecezji Koszalińsko-Kołobrzeskiej I Elbląskiej
","Dz 1,3-8, Ps 126,1-6, Flp 1,20c-30, J 12,24-26, Dz 2,14.22-28, Ps 16,1-2.5.7-11, 1 P 1,17-21, Łk 24,13-35"
"2023-04-24","Poniedziałek","
Św. Fidelisa Z Sigmaringen, Prezbitera I Męczennika
","Dz 6,8-15, Ps 119,23-24.26-27.29-30, J 6,22-29"
"2023-04-25","Wtorek","Święto św. Marka, Ewangelisty
Św. Marka Ewangelisty
","1 P 5,5b-14, Ps 89,2-3.6-7.16-17, Mk 16,15-20"
"2023-04-26","Środa","

","Dz 8,1b-8, Ps 66,1-7, J 6,35-40"
"2023-04-27","Czwartek","

","Dz 8,26-40, Ps 66,8-9.16-17.19-20, J 6,44-51"
"2023-04-28","Piątek","
Św. Piotra Chanela, Prezbitera I Męczennika
","Dz 9,1-20, Ps 117,1-2, J 6,52-59"
"2023-04-29","Sobota","
Św. Katarzyny Sieneńskiej, Dziewicy I Doktora Kościoła, Patronki Europy
","Dz 9,31-42, Ps 116,12-17, J 6,55.60-69"
"2023-04-30","Niedziela","IV NIEDZIELA WIELKANOCNA
Św. Piusa V, Papieża
","Dz 2,14a.36-41, Ps 23,1-6, 1 P 2,20b-25, J 10,1-10"
"2023-05-01","Poniedziałek","
Św. Józefa, Rzemieślnika
","Dz 11,1-18, Ps 42,2-3; Ps 43,3-4, J 10,11-18"
"2023-05-02","Wtorek","
Św. Atanazego, Biskupa I Doktora Kościoła
","Dz 11,19-26, Ps 87,1-7, J 10,22-30"
"2023-05-03","Środa","Uroczystość Najświętszej Maryi Panny Królowej Polski
Najśw. Maryi Panny, Królowej Polski, Głównej Patronki Polski I Archidiecezji Częstochowskiej I Przemyskiej Oraz Diecezji Polowej
","Ap 11,19a;12,1.3-6a.10ab, Ps: Jdt 13,18-20, Kol 1,12-16, J 19,25-27"
"2023-05-04","Czwartek","
Św. Floriana, Męczennika
","Dz 13,13-25, Ps 89,2-3.21-22.25.27, J 13,16-20"
"2023-05-05","Piątek","
Bł. Stanisława Kazimierczyka, Prezbitera
","Dz 13,26-33, Ps 2,6-11, J 14,1-6"
"2023-05-06","Sobota","Święto św. Apostołów Filipa i Jakuba
Świętych Apostołów Filipa I Jakuba
","1 Kor 15,1-8, Ps 19,2-5, J 14,6-14"
"2023-05-07","Niedziela","V NIEDZIELA WIELKANOCNA
W Diecezji Kieleckiej: Najśw. Maryi Panny, Matki Łaski Bożej
","Dz 6,1-7, Ps 33,1-2.4-5.18-19, 1 P 2,4-9, J 14,1-12"
"2023-05-08","Poniedziałek","Uroczystość św. Stanisława, biskupa i męczennika, głównego patrona Polski
Św. Stanisława, Biskupa I Męczennika, Głównego Patrona Polski I Archidiecezji Krakowskiej, Lubelskiej, Poznańskiej I Warszawskiej Oraz Diecezji Kieleckiej, Płockiej, Sandomierskiej I Tarnowskiej
","Dz 20,17-18a.28-32.36, Ps 100,1-5, Rz 8,31b-39, J 10,11-16"
"2023-05-09","Wtorek","

","Dz 14,19-28, Ps 145,10-13.21, J 14,27-31a"
"2023-05-10","Środa","

","Dz 15,1-6, Ps 122,1-2.4-5, J 15,1-8"
"2023-05-11","Czwartek","

","Dz 15,7-21, Ps 96,1-3.10, J 15,9-11"
"2023-05-12","Piątek","
Świętych Męczenników Nereusza I Achillesa
","Dz 15,22-31, Ps 57,8-12, J 15,12-17"
"2023-05-13","Sobota","
Najśw. Maryi Panny Fatimskiej
","Dz 16,1-10, Ps 100,1-5, J 15,18-21"
"2023-05-14","Niedziela","Święto św. Macieja, Apostoła
Św. Macieja, Apostoła
","Dz 1,15-17.20-26, Ps 113,1-8, J 15,9-17, Dz 8,5-8.14-17, Ps 66,1-7.16.20, 1 P 3,15-18, J 14,15-21"
"2023-05-15","Poniedziałek","

","Dz 16,11-15, Ps 149,1-6a.9b, J 15,26-16,4a"
"2023-05-16","Wtorek","
Św. Andrzeja Boboli, Prezbitera I Męczennika, Patrona Polski Oraz Archidiecezji Warmińskiej I Diecezji Łomżyńskiej
","Dz 16,22-34, Ps 138,1-3.7c-8, J 16,5-11"
"2023-05-17","Środa","
W Diecezji Elbląskiej: Rocznica Poświęcenia Kościoła Katedralnego W Elblągu
","Dz 17,15.22-18,1, Ps 148,1-2.11-14, J 16,12-15"
"2023-05-18","Czwartek","
Św. Jana I, Papieża I Męczennika
","Dz 18,1-8, Ps 98,1-4, J 16,16-20"
"2023-05-19","Piątek","

","Dz 18,9-18, Ps 47,2-7, J 16,20-23a"
"2023-05-20","Sobota","
Św. Bernardyna Ze Sieny, Prezbitera
","Dz 18,23-28, Ps 47,2-3.8-10, J 16,23b-28"
"2023-05-21","Niedziela","WNIEBOWSTĄPIENIE PAŃSKIE
Świętych Męczenników Krzysztofa Magallanes, Prezbitera I Towarzyszy
","Dz 1,1-11, Ps 47,2-3.6-9, Ef 1,17-23, Łk 24,46-53"
"2023-05-22","Poniedziałek","
Św. Rity Z Cascia
","Dz 19,1-8, Ps 68,2-7, J 16,29-33"
"2023-05-23","Wtorek","

","Dz 20,17-27, Ps 68,10-11.20-21, J 17,1-11a"
"2023-05-24","Środa","
Najśw. Maryi Panny, Wspomożycielki Wiernych
","Dz 20,28-38, Ps 68,29-30.33-36, J 17,11b-19"
"2023-05-25","Czwartek","
Św. Bedy Czcigodnego, Prezbitera I Doktora Kościoła
","Dz 22,30;23,6-11, Ps 16,1-2.5.7-11, J 17,20-26"
"2023-05-26","Piątek","
Św. Filipa Nereusza, Prezbitera
","Dz 25,13-21, Ps 103,1-2.11-12.19-20, J 21,15-19"
"2023-05-27","Sobota","
Św. Augustyna Z Canterbury, Biskupa
","Dz 28,16-20.30-31, Ps 11,4-5.7, J 21,20-25"
"2023-05-28","Niedziela","ZESŁANIE DUCHA ŚWIĘTEGO

","Dz 2,1-11, Ps 104,1.24.29-31.34, 1 Kor 12,3b-7.12-13, J 20,19-23"
"2023-05-29","Poniedziałek","ŚWIĘTO NAJŚWIĘTSZEJ MARYI PANNY, MATKI KOŚCIOŁA
Św. Urszuli Ledóchowskiej, Dziewicy
","Rdz 3,9-15.20, Ps 87, Dz 1,12-14, J 2,1-11 lub J 19,25-27, Syr 17,24-29, Ps 32,1-2.5-7, Mk 10,17-27"
"2023-05-30","Wtorek","
Św. Jana Sarkandra, Prezbitera I Męczennika, Św. Zdzisławy
","Syr 35,1-12, Ps 50,5-8.14.23, Mk 10,28-31"
"2023-05-31","Środa","Święto Nawiedzenia Najświętszej Maryi Panny
Nawiedzenie Najśw. Maryi Panny
","So 3,14-18 lub Rz 12,9-16b, Ps: Iz 12,2-6, Łk 1,39-56"
"2023-06-01","Czwartek","
Św. Justyna, Męczennika
","Syr 42,15-25, Ps 33, Mk 10,46-52"
"2023-06-02","Piątek","
Świętych Męczenników Marcelina I Piotra
","Syr 44,1.9-13, Ps 149,1-6.9, Mk 11,11-25"
"2023-06-03","Sobota","
Świętych Męczenników Karola Lwangi I Towarzyszy
","Syr 51,12-20, Ps 19,8-11, Mk 11,27-33"
"2023-06-04","Niedziela","UROCZYSTOŚĆ NAJŚWIĘTSZEJ TRÓJCY

","Wj 34,4b6.8-9, Dn 3,52.53a.54a.55ab.56a, 2 Kor 13,11-13, J 3,16-18"
"2023-06-05","Poniedziałek","
Św. Bonifacego, Biskupa I Męczennika
","Tb 1,1a.2;2,1-9, Ps 112,1-6, Mk 12,1-12"
"2023-06-06","Wtorek","
Św. Norberta, Biskupa
","Tb Wlg 2,10-23, Ps 112,1-2.7-9, Mk 12,13-17"
"2023-06-07","Środa","

","Tb 3,1-11.16-17 - Wlg, Ps 25,2-7bc.8-9, Mk 12,18-27"
"2023-06-08","Czwartek","UROCZCYSTOŚĆ NAJŚWIĘTSZEGO CIAŁA I KRWI CHRYSTUSA
Św. Jadwigi Królowej
","Pwt 8,2-3.14b-16a, Ps 147,12-15.19-20, 1 Kor 10,16-17, J 6,51-58, Tb 6,10-11;7,1.9-17;8,4-10 - Wlg, Ps 128,1-5, Mk 12,28b-34"
"2023-06-09","Piątek","
Św. Efrema, Diakona I Doktora Kościoła
","Tb Wlg 11,5-17, Ps 146,1-2.6c.7-10, Mk 12,35-37"
"2023-06-10","Sobota","
Bł. Bogumiła, Biskupa
","Tb Wlg 12,1.5-15.20, Ps: Tb 13.2.6.7, Mk 12,38-44"
"2023-06-11","Niedziela","X NIEDZIELA ZWYKŁA
Św. Barnaby, Apostoła
","Oz 6,3-6, Ps 50,1.8.12-15, Rz 4,18-25, Mt 9,9-13"
"2023-06-12","Poniedziałek","
Bł. Antoniego Nowowiejskiego, Biskupa I Towarzyszy, Męczenników
","2 Kor 1,1-7, Ps 34, Mt 5,1-12"
"2023-06-13","Wtorek","
Św. Antoniego Z Padwy, Prezbitera I Doktora Kościoła
","2 Kor 1,18-22, Ps 119,129-133.135, Mt 5,13-16"
"2023-06-14","Środa","
Bł. Michała Kozala, Biskupa I Męczennika
","2 Kor 3,4-11, Ps 99,5-8, Mt 5,17-19"
"2023-06-15","Czwartek","
Bł. Jolanty, Zakonnicy
","2 Kor 3,15-4,1.3-6, Ps 85,9-14, Mt 5,20-26"
"2023-06-16","Piątek","UROCZYSTOŚĆ NAJŚWIĘTSZEGO SERCA PANA JEZUSA

","Pwt 7,6-11, Ps 103,1-4,6-8,10, 1 J 4,7-16, Mt 11,25-30, 2 Kor 4,7-15, Ps 116,10-11.15-18, Mt 5,27-32"
"2023-06-17","Sobota","
Św. Alberta Chmielowskiego, Zakonnika
","2 Kor 5,14-21, Ps 103, Mt 5,33-37"
"2023-06-18","Niedziela","XI NIEDZIELA ZWYKŁA

","Wj 19,1-6a, Ps 100,1-5, Rz 5,6-11, Mt 9,36-10,8"
"2023-06-19","Poniedziałek","
Św. Romualda, Opata
","2 Kor 6,1-10, Ps 98,1-4, Mt 5,38-42"
"2023-06-20","Wtorek","
W Diecezji Opolskiej: Św. Alojzego Gonzagi, Zakonnika
","2 Kor 8,1-9, Ps 146,1-2.5-9, Mt 5,43-48"
"2023-06-21","Środa","
Św. Alojzego Gonzagi, Zakonnika
","2 Kor 9,6-11, Ps 112,1-4.9, Mt 6,1-6.16-18"
"2023-06-22","Czwartek","
Św. Paulina Z Noli, Biskupa
","2 Kor 11,1-11, Ps 111,1-4.7-8, Mt 6,7-15"
"2023-06-23","Piątek","

","2 Kor 11,18.21b-30, Ps 34,2-7, Mt 6,19-23"
"2023-06-24","Sobota","Uroczystość Narodzenia św. Jana Chrzciciela
Narodzenie Św. Jana Chrzciciela
","Iz 49,1-6, Ps 139,1-3.13-15, Dz 13,22-26, Łk 1,57-66.80"
"2023-06-25","Niedziela","XII NIEDZIELA ZWYKŁA
W Archidiecezji Poznańskiej: Najśw. Maryi Panny Świętogórskiej Z Gostynia
","Jr 20,10-13, Ps 69,8-10.14.17.33-35, Rz 5,12-15, Mt 10,26-33"
"2023-06-26","Poniedziałek","
W Diecezji Pelplińskiej: Św. Cyryla Aleksandryjskiego, Biskupa I Doktora Kościoła
","Rdz 12,1-9, Ps 33,12-13.18-20.22, Mt 7,1-5"
"2023-06-27","Wtorek","
W Diecezji Toruńskiej:  Najśw. Maryi Panny Nieustającej Pomocy, Głównej Patronki Diecezji
","Rdz 13,2.5-18, Ps 15,1-5, Mt 7,6.12-14"
"2023-06-28","Środa","
Św. Ireneusza, Biskupa I Męczennika
","Rdz 15,1-12.17-18, Ps 105,1-4.6-9, Mt 7,15-20"
"2023-06-29","Czwartek","Uroczystość świętych Apostołów Piotra i Pawła
Świętych Apostołów Piotra I Pawła
","Dz 12,1-11, Ps 34,2-9, 2 Tm 4,6-9.17-18, Mt 16,13-19"
"2023-06-30","Piątek","
Świętych Pierwszych Męczenników Św. Kościoła Rzymskiego
","Rdz 17,1.9-10.15-22, Ps 128, Mt 8,1-4"
"2023-07-01","Sobota","
Św. Ottona, Biskupa
","Rdz 18,1-15, Łk 1,46-50.53-54, Mt 8,5-17"
"2023-07-02","Niedziela","XIII NIEDZIELA ZWYKŁA
W Diecezji Siedleckiej:: Najśw. Maryi Panny Kodeńskiej
","2 Krl 4,8-11.14-16a, Ps 89,2-3.16-19, Rz 6,3-4.8-11, Mt 10,37-42"
"2023-07-03","Poniedziałek","Święto św. Tomasza, Apostoła
Św. Tomasza Apostoła
","Ef 2,19-22, Ps 117,1-2, J 20,24-29"
"2023-07-04","Wtorek","
Św. Elżbiety Portugalskiej
","Rdz 19,15-29, Ps 26,2-3.9-12, Mt 8,23-27"
"2023-07-05","Środa","
Św. Antoniego Marii Zaccarii, Prezbitera
","Rdz 21,5.8-20, Ps 34,7-8.10-13, Mt 8,28-34"
"2023-07-06","Czwartek","
Bł. Marii Teresy Ledóchowskiej, Dziewicy
","Rdz 22,1-19, Ps 116,1-6.8-9, Mt 9,1-8"
"2023-07-07","Piątek","

","Rdz 23,1-4.19.24,1-8.10.48.59.62-67, Ps 106,1-5, Mt 9,9-13"
"2023-07-08","Sobota","
Św. Jana Z Dukli, Prezbitera
","Rdz 27,1-5.15-29, Ps 135,1-6, Mt 9,14-17"
"2023-07-09","Niedziela","XIV NIEDZIELA ZWYKŁA
Świętych Męczenników Augustyna Zhao Rong, Prezbitera I Towarzyszy
","Za 9,9-10, Ps 145,1-2.8-11.13-14, Rz 8,9.11-13, Mt 11,25-30"
"2023-07-10","Poniedziałek","

","Rdz 28,10-22a, Ps 91,1-4.14-15, Mt 9,18-26"
"2023-07-11","Wtorek","Święto św. Benedykta, opata, patrona Europy
Św. Benedykta, Opata, Patrona Europy
","Prz 2,1-9, Ps 34,2-4.6.9.12.14-15, Dz 4,32-35, Mt 19,27-29"
"2023-07-12","Środa","
Św. Brunona Bonifacego Z Kwerfurtu, Biskupa I Męczennika
","Rdz 41,55-57.42,5-7.14-15a.17-24a, Ps 33,2-3.10-11.18-19, Mt 10,1-7"
"2023-07-13","Czwartek","
Świętych Pustelników Andrzeja Świerada I Benedykta
","Rdz 44,18-21.23b-29.45,1-5, Ps 105,16-21, Mt 10,7-15"
"2023-07-14","Piątek","
Św. Kamila De Lellis, Prezbitera
","Rdz 46,1-7.28-30, Ps 37,3-4.18-19.27-28.39-40, Mt 10,16-23"
"2023-07-15","Sobota","
Św. Bonawentury, Biskupa I Doktora Kościoła
","Rdz 49,29-33.50,15-26, Ps 105,1-4.6-7, Mt 10,24-33"
"2023-07-16","Niedziela","XV NIEDZIELA ZWYKŁA
Najśw. Maryi Panny Z Góry Karmel
","Iz 55,10-11, Ps 65,10-14, Mt 13,1-23"
"2023-07-17","Poniedziałek","

","Wj 1,8-14.22, Ps 124,1-8, Mt 10,34-11,1"
"2023-07-18","Wtorek","
Bł. Szymona Z Lipnicy, Prezbitera
","Wj 2,1-15a, Ps 69,3.14.30-31.33-34, Mt 11,20-24"
"2023-07-19","Środa","

","Wj 3,1-6.9-12, Ps 103,1-4.6-7, Mt 11,25-27"
"2023-07-20","Czwartek","
Bł. Czesława, Prezbitera
","Wj 3,13-20, Ps 105,1.5.8-9.24-27, Mt 11,28-30"
"2023-07-21","Piątek","
Św. Wawrzyńca Z Brindisi, Prezbitera I Doktora Kościoła
","Wj 11,10-12,14, Ps 116b,12-13.15-18, Mt 12,1-8"
"2023-07-22","Sobota","Wspomnienie św. Marii Magdaleny
Św. Marii Magdaleny
","Pnp 8,6-7 lub 2 Kor 5,14-17, Ps 63,2-6.8-9, J 20,1.11-18, Wj 12,37-42, Ps 105,1.5.37-38.42-43, Mt 12,14-21"
"2023-07-23","Niedziela","XVI NIEDZIELA ZWYKŁA
Św. Brygidy, Zakonnicy, Patronki Europy
","Mdr 12,13.16-19, Ps 86,5-6.9-10.15-16a, Mt 13,24-43"
"2023-07-24","Poniedziałek","
Św. Kingi, Dziewicy
","Wj 14,5-9a.10-18, Wj 15,1-6, Mt 12,38-42"
"2023-07-25","Wtorek","Święto św. Jakuba, Apostoła
Św. Jakuba, Apostoła
","2 Kor 4,7-15, Ps 126,1-6, Mt 20,20-28"
"2023-07-26","Środa","Wspomnienie świętych Joachima i Anny, rodziców Najświętszej Maryi Panny
Świętych Rodziców Najśw. Maryi Panny, Joachima I Anny
","Jr 7,1-11, Ps 84,3-6.8.11, Mt 13,24-30, Wj 16,1-5.9-15, Ps 78,18-19.23-28, Mt 13,1-9"
"2023-07-27","Czwartek","
W Diecezji Opolskiej I Gliwickiej:: Św. Joachima, Ojca Najśw. Maryi Panny
","Wj 19,1-2.9-11.16-20b, Dn 3,52-56, Mt 13,10-17"
"2023-07-28","Piątek","
Św. Sarbeliusza Makhluf, Prezbitera
","Wj 19,17; 20,1-17, Ps 19,8-11, Mt 13,18-23"
"2023-07-29","Sobota","
Św. Marty
","Wj 24,3-8, Ps 50,1-2.5-6.14-15, Mt 13,24-30"
"2023-07-30","Niedziela","XVII NIEDZIELA ZWYKŁA
Św. Piotra Chryzologa, Biskupa I Doktora Kościoła
","1 Krl 3,5.7-12, Ps 119,57.72.76-77.127-130, Rz 8,28-30, Mt 13,44-52"
"2023-07-31","Poniedziałek","
Św. Ignacego Z Loyoli, Prezbitera
","Wj 32,15-24.30-34, Ps 106,19-23, Mt 13,31-35"
"2023-08-01","Wtorek","
Św. Alfonsa Marii Liguoriego, Biskupa I Doktora Kościoła
","Wj 33,7-11; 34,5-9.28, Ps 103,6-13, Mt 13,36-43"
"2023-08-02","Środa","
Św. Euzebiusza Z Vercelii, Biskupa
","Wj 34,29-35, Ps 99,5-7.9, Mt 13,44-46"
"2023-08-03","Czwartek","

","Wj 40,16-21.34-38, Ps 84,3-6.8.11, Mt 13,47-53"
"2023-08-04","Piątek","
Św. Jana Marii Vianneya, Prezbitera
","Kpł 23,1.4-11.15-16.27.34b-37, Ps 81,3-6.10-11, Mt 13,54-58"
"2023-08-05","Sobota","
Rocznica Poświęcenia Rzymskiej Bazyliki Najśw. Maryi Panny
","Kpł 25,1.8-17, Ps 67,2-3.5.8, Mt 14,1-12"
"2023-08-06","Niedziela","Święto Przemienienia Pańskiego
Przemienienie Pańskie
","Dn 7,9-10.13-14, Ps 97,1-2.5-6.9, 2 P 1,16-19, Mk 9,2-10"
"2023-08-07","Poniedziałek","
Świętych Męczenników Sykstusa Ii, Papieża, I Towarzyszy
","Lb 11,4b-15, Ps 81,12-17, Mt 14,22-36"
"2023-08-08","Wtorek","
Św. Dominika, Prezbitera
","Lb 12,1-13, Ps 51,3-6.12-13, Mt 15,1-2,10-14"
"2023-08-09","Środa","Święto św. Teresy Benedykty od Krzyża (Edyty Stein), dziewicy i męczennicy, patronki Europy
Św. Teresy Benedykty Od Krzyża, Dziewicy I Męczennicy, Patronki Europy
","Oz 2,16b.17b.21-22, Ps 45,11-12.14-17, Mt 25,1-13 lub Mt 16,24-27"
"2023-08-10","Czwartek","Święto św. Wawrzyńca, diakona i męczennika
Św. Wawrzyńca, Diakona I Męczennika
","2 Kor 9,6-10, Ps 112,1-2.5-9, J 12,24-26"
"2023-08-11","Piątek","
Św. Klary, Dziewicy
","Pwt 4,32-40, Ps 77,12-16.21, Mt 16,24-28"
"2023-08-12","Sobota","
Św. Joanny Franciszki De Chantal, Zakonnicy
","Pwt 6,4-13, Ps 18,2-3.7.47.51, Mt 17,14-20"
"2023-08-13","Niedziela","XIX NIEDZIELA ZWYKŁA
Świętych Męczenników Poncjana, Papieża, I Hipolita, Prezbitera
","1 Krl 19,9a.11-13, Ps 85,9ab-14, Rz 9,1-5, Mt 14,22-33"
"2023-08-14","Poniedziałek","
Św. Maksymiliana Marii Kolbego, Prezbitera I Męczennika,
","Pwt 10,12-22, Ps 147,12-15.19-20, Mt 17,22-27"
"2023-08-15","Wtorek","Msza wigilii
Wniebowzięcie Najśw. Maryi Panny
w diecezji warszawsko-praskiej: Wniebowzięcie Najśw. Maryi Panny, Matki Bożej Zwycięskiej, Głównej Patronki Diecezji","1 Krn 15,3-4.15-16; 16,1-2, Ps 132,6-7.9-10.13-14, 1 Kor 15,54-57, Łk 11,27-28, Ap 11,19a;12,1-3-6a, Ps 45,7.10-12.14-15, 1 Kor 15,20-26, Łk 1,39-56"
"2023-08-16","Środa","
Św. Stefana Węgierskiego, Króla
","Pwt 34,1-12, Ps 66, Mt 18,15-20"
"2023-08-17","Czwartek","
Św. Jacka, Prezbitera
","Joz 3,7-10a.11.13-17, Ps 114,1-6, Mt 18,21-19,1"
"2023-08-18","Piątek","
W Archidiecezji Poznańskiej:: Bł. Sancji Szymkowiak, Dziewicy
","Joz 24,1-13, Ps 136,1-3.15-18.21-24, Mt 19,3-12"
"2023-08-19","Sobota","
Św. Jana Eudesa, Prezbitera
","Joz 24,14-29, Ps 16,1-2.5.7-8.11, Mt 19,13-15"
"2023-08-20","Niedziela","XX NIEDZIELA ZWYKŁA
Św. Bernarda, Opata I Doktora Kościoła
","Iz 56,1.6-7, Ps 67,2-3.5.8, Rz 11,13-15.29-32, Mt 15,21-28"
"2023-08-21","Poniedziałek","
Św. Piusa X, Papieża
","Sdz 2,11-19, Ps 106,34-37.39-40.43-44, Mt 19,16-22"
"2023-08-22","Wtorek","Wspomnienie Najświętszej Maryi Panny, Królowej
Najśw. Maryi Panny, Królowej
","Iz 9,1-3,5-6, Ps 113,1-8, Łk 1,26-38, Sdz 6,11-24a, Ps 85,9.11-14, Mt 19,23-30"
"2023-08-23","Środa","
Św. Róży Z Limy, Dziewicy
","Sdz 9,6-15, Ps 21,2-7, Mt 20,1-16a"
"2023-08-24","Czwartek","Święto św. Bartłomieja, Apostoła
Św. Bartłomieja, Apostoła
","Ap 21,9b-14, Ps 145,10-13.17-18, J 1,45-51"
"2023-08-25","Piątek","
Św. Ludwika, Króla
","Rt 1,1.3-6.14b-16.22, Ps 146,5-10, Mt 22,34-40"
"2023-08-26","Sobota","Uroczystość Najświętszej Maryi Panny Częstochowskiej
Najśw. Maryi Panny Częstochowskiej
","Prz 8,22-35 lub Iz 2,2-5, Ps 48,2-3.9-11.13-15, Ga 4,4-7, J 2,1-11"
"2023-08-27","Niedziela","XXI NIEDZIELA ZWYKŁA
Św. Moniki
","Iz 22,19-23, Ps 138,1-3.6.8, Rz 11,33-36, Mt 16,13-20"
"2023-08-28","Poniedziałek","
Św. Augustyna, Biskupa I Doktora Kościoła
","1 Tes 1,1-5.8b-10, Ps 149,1-6.9, Mt 23,1.13-22"
"2023-08-29","Wtorek","Wspomnienie Męczeństwa św. Jana Chrzciciela
Męczeństwo Św. Jana Chrzciciela
","Jr 1,17-19, Ps 71,1-6.15.17, Mk 6,17-29, 1 Tes 2,1-8, Ps 139,1-5, Mt 23,23-26"
"2023-08-30","Środa","

","1 Tes 2,9-13, Ps 139, Mt 23,27-32"
"2023-08-31","Czwartek","

","1 Tes 3,7-13, Ps 90,3-4.12-14.17, Mt 24,42-51"
"2023-09-01","Piątek","
Bł. Bronisławy, Dziewicy
","1 Tes 4,1-8, Ps 97,1.2b.5-6.10-12, Mt 25,1-13"
"2023-09-02","Sobota","
W Archidiecezji Warmińskiej: Bł. Bronisławy, Dziewicy
","1 Tes 4,9-11, Ps 98,1.7-9, Mt 25,14-30"
"2023-09-03","Niedziela","XXII NIEDZIELA ZWYKŁA
Św. Grzegorza Wielkiego, Papieża I Doktora Kościoła
","Jr 20,7-9, Ps 63,2-6.8-9, Rz 12,1-2, Mt 16,21-27"
"2023-09-04","Poniedziałek","
Błogosławionych Dziewic I Męczennic Marii Stelli I Towarzyszek
","1 Tes 4,13-18, Ps 96,1.3-5.11-13, Łk 4,16-30"
"2023-09-05","Wtorek","

","1 Tes 5,1-6.9-11, Ps 27,1.4.13-14, Łk 4,31-37"
"2023-09-06","Środa","

","Kol 1,1-8, Ps 52,10-11, Łk 4,38-44"
"2023-09-07","Czwartek","
Św. Melchiora Grodzieckiego, Prezbitera I Męczennika
","Kol 1,9-14, Ps 98,2-6, Łk 5,1-11"
"2023-09-08","Piątek","Święto Narodzenia Najświętszej Maryi Panny
Narodzenie Najśw. Maryi Panny
","Mi 5,1-4a, Ps 96,1-2.11-13, Rz 8,28-30, Mt 1,1-16.18-23"
"2023-09-09","Sobota","
Bł. Anieli Salawy, Dziewicy
","Kol 1,21-23, Ps 54,3-4.6.8, Łk 6,1-5"
"2023-09-10","Niedziela","XXIII NIEDZIELA ZWYKŁA

","Ez 33,7-9, Ps 95,1-2.6-9, Rz 13,8-10, Mt 18,15-20"
"2023-09-11","Poniedziałek","

","Kol 1,24-2,3, Ps 62,6-7,9, Łk 6,6-11"
"2023-09-12","Wtorek","
Najśw. Imienia Maryi
","Kol 2,6-15, Ps 145,1-2.8-11, Łk 6,12-19"
"2023-09-13","Środa","
Św. Jana Chryzostoma, Biskupa I Doktora Kościoła
","Kol 3,1-11, Ps 145,2-3.10-13, Łk 6,20-26"
"2023-09-14","Czwartek","Święto Podwyższenia Krzyża Świętego
Podwyższenie Krzyża Świętego
","Lb 21,4b-9, Flp 2,6-11, J 3,13-17"
"2023-09-15","Piątek","Wspomnienie Najświętszej Maryi Panny Bolesnej
Najśw. Maryi Panny Bolesnej
","Hbr 5,7-9, Ps 31,2-6.15-16.20, J 19,25-27 lub Łk 2,33-35, 1 Tm 1,1-2.12-14, Ps 16,1-2a.5.7-8.11, Łk 6,39-42"
"2023-09-16","Sobota","
Świętych Męczenników Korneliusza, Papieża, I Cypriana, Biskupa
","1 Tm 1,15-17, Ps 113,1-7, Łk 6,43-49"
"2023-09-17","Niedziela","XXIV NIEDZIELA ZWYKŁA
Św. Roberta Bellarmina, Biskupa I Doktora Kościoła
","Syr 27,30-28,7, Ps 103,1-4.9-12, Rz 14,7-9, Mt 18,21-35"
"2023-09-18","Poniedziałek","Święto świętego Stanisława Kostki, zakonnika, patrona Polski
Św. Stanisława Kostki, Zakonnika, Patrona Polski
","Iz 55,6-9, Ps 145,2-3.8-9.17-18, Flp 1,20c-24.27a, Mt 20,1-16a"
"2023-09-19","Wtorek","
Św. Januarego, Biskupa I Męczennika
","1 Tm,1-13, Ps 101,1-3.5-6, Łk 7,11-17"
"2023-09-20","Środa","
Świętych Męczenników Andrzeja Kim Taegon, Prezbitera, Pawła Chong Hasang I Towarzyszy
","1 Tm 3,14-16, Ps 111, Łk 7,31-35"
"2023-09-21","Czwartek","Święto św. Mateusza, Apostoła i Ewangelisty
Św. Mateusza, Apostoła I Ewangelisty
","Ef 4,1-7.11-13, Ps 19,2-5, Mt 9,9-13"
"2023-09-22","Piątek","
W Diecezji Siedleckiej:: Rocznica Poświęcenia Kościoła Katedralnego W Siedlcach
","1 Tm 6,2c-12, Ps 49,6-10.17-20, Łk 8,1-3"
"2023-09-23","Sobota","
Św. Pio Z Pietrelciny
","1Tm 6,13-16, Ps 100,1-5, Łk 8,4-15"
"2023-09-24","Niedziela","XXV NIEDZIELA ZWYKŁA
W Diecezji Bielsko-Żywieckiej:: Rocznica Poświęcenia Kościoła Katedralnego W Bielsku Białej
","Iz 55,6-9, Ps 145,2-3.8-9.17-18, Flp 1,20c-24.27a, Mt 20,1-16a"
"2023-09-25","Poniedziałek","
Bł. Władysława Z Gielniowa, Prezbitera
","Ezd 1,1-6, Ps 126,1-6, Łk 8,16-18"
"2023-09-26","Wtorek","
Świętych Męczenników Kosmy I Damiana
","Ezd 6,7-8.12b.14-20, Ps 122,1-2.4-5, Łk 8,19-21"
"2023-09-27","Środa","
Św. Wincentego A Paulo, Prezbitera
","Ezd 9,5-9, Tb 13,2-4.7-8, Łk 9,1-6"
"2023-09-28","Czwartek","
Św. Wacława, Męczennika
","Ag 1,1-8, Ps 149,1-6.9, Łk 9,7-9"
"2023-09-29","Piątek","Święto świętych Archaniołów Michała, Gabriela i Rafała
Świętych Archaniołów Michała, Gabriela I Rafała
","Dn 7,9-10.13-14 lub Ap 12,7-12a, Ps 138,1-5, J 1,47-51"
"2023-09-30","Sobota","
Św. Hieronima, Prezbitera I Doktora Kościoła
","Za 2,5-9.14-15a, Jr 31,10-13, Łk 9,43b-45"
"2023-10-01","Niedziela","XXVI NIEDZIELA ZWYKŁA
Św. Teresy Od Dzieciątka Jezus, Dziewicy I Doktora Kościoła
","Ez 18,25-28, Ps 25,4-9, Flp 2,1-11, Mt 21,28-32"
"2023-10-02","Poniedziałek","
Świętych Aniołów Stróżów
","Za 8,1-8, Ps 102,16-21.29.21-23, Łk 9,46-50"
"2023-10-03","Wtorek","
W Diecezji Warszawsko-Praskiej:: Świętych Archaniołów Michała, Gabriela I Rafała
w diecezji warszawsko-praskiej: Świętych Archaniołów Michała, Gabriela I Rafała","Za 8,20-23, Ps 87,2-7, Łk 9,51-56"
"2023-10-04","Środa","
Św. Franciszka Z Asyżu
","Ne 2,1-8, Ps 137,1-6, Łk 9,57-62"
"2023-10-05","Czwartek","
Św. Faustyny Kowalskiej, Zakonnicy
","Ne 8,1-4a.5-6.7b-12, Ps 19,8-11, Łk 10,1-12"
"2023-10-06","Piątek","
Św. Brunona, Prezbitera
","Ba 1,15-22, Ps 79,1-5.8-9, Łk 10,13-16"
"2023-10-07","Sobota","
Najśw. Maryi Panny Różańcowej
","Ba 4,5-12.27-29, Ps 69,33-37, Łk 10,17-24"
"2023-10-08","Niedziela","XXVII NIEDZIELA ZWYKŁA

","Iz 5,1-7, Ps 80,9.12-16.19-20, Flp 4,6-9, Mt 21,33-43"
"2023-10-09","Poniedziałek","
Bł. Wincentego Kadłubka, Biskupa
","Jon 1,1-2.11, Jon 2,3-5.8, Łk 10,25-37"
"2023-10-10","Wtorek","
Bł. Marii Angeli Truszkowskiej, Dziewicy
","Jon 3,1-10, Ps 130,1-4.7-8, Łk 10,38-42"
"2023-10-11","Środa","

","Jon 4,1-11, Ps 86,3-6.9-10, Łk 11,1-4"
"2023-10-12","Czwartek","
W Archidiecezji Poznańskiej:: Rocznica Poświęcenia Kościoła Katedralnego W Poznaniu
","Ml 3,13-20a, Ps 1,1-4.6, Łk 11,5-13"
"2023-10-13","Piątek","
Bł. Honorata Koźmińskiego, Prezbitera
","Jl 1,13-15.2,1-2, Ps 9,2-3.6.16.8-9, Łk 11,15-26"
"2023-10-14","Sobota","
Św. Kaliksta I, Papieża I Męczennika
","Jl 4,12-21, Ps 97,1-2.5-6.11-12, Łk 11,27-28"
"2023-10-15","Niedziela","XXVIII NIEDZIELA ZWYKŁA
Św. Teresy Od Jezusa, Dziewicy I Doktora Kościoła
","Iz 25,6-10a, Ps 23,1-6, Flp 4,12-14,19-20, Mt 22,1-14"
"2023-10-16","Poniedziałek","
Św. Jadwigi Śląskiej
","Rz 1,1-7, Ps 98,1-4, Łk 11,29-32"
"2023-10-17","Wtorek","
Św. Ignacego Antiocheńskiego, Biskupa I Męczennika
","Rz 1,16-25, Ps 19,2-5, Łk 11,37-41"
"2023-10-18","Środa","Święto św. Łukasza, Ewangelisty
Św. Łukasza, Ewangelisty
","2 Tm 4,9-17a, Ps 145,10-13.17-18, Łk 10,1-9"
"2023-10-19","Czwartek","
Świętych Męczenników Jana De Brebeuf, Izaaka Joguesa, Prezbiterów, Oraz Towarzyszy
","Rz 3,21-29, Ps 130,1-6,  Łk 11,47-54"
"2023-10-20","Piątek","
Św. Jana Kantego, Prezbitera
","Rz 4,1-8, Ps 32,1-2.5.11, Łk 12,1-7"
"2023-10-21","Sobota","
Bł. Jakuba Strzemię
","Rz 4,13.16-18, Ps 105,6-9.42-43, Łk 12,8-12"
"2023-10-22","Niedziela","XXIX NIEDZIELA ZWYKŁA
W Archidiecezji Gnieźnieńskiej: Przeniesienie Relikwii Św. Wojciecha
","Iz 45,1.4-6, Ps 96,1.3-5.7-10ac, 1 Tes 1,1-5b, Mt 22,15-21"
"2023-10-23","Poniedziałek","
Św. Jana Kapistrana, Prezbitera
","Rz 4,20-25, Ps: Łk 1,68-75, Łk 12,13-21"
"2023-10-24","Wtorek","
Św. Antoniego Marii Clareta, Biskupa
","Rz 5,12.15b.17-19.20b-21, Ps 40,7-10.17, Łk 12,35-38"
"2023-10-25","Środa","
W Diecezji Koszalińsko-Kołobrzeskiej:: Rocznica Poświęcenia Kościoła Katedralnego W Koszalinie
","Rz 6,12-18, Ps 124,1-8, Łk 12,39-48"
"2023-10-26","Czwartek","

","Rz 6,19-23, Ps 1,1-4.6, Łk 12,49-53"
"2023-10-27","Piątek","

","Rz 7,18-24, Ps 119,66.68.76-77.93-94, Łk 12,54-59"
"2023-10-28","Sobota","Święto świętych Apostołów Szymona i Judy Tadeusza
Świętych Apostołów Szymona I Judy Tadeusza
","Syr 35,12-14.16-18, Ps 34,2-3.17-19.23, 2 Tm 4,6-9.16-18, Łk 18,9-14"
"2023-10-29","Niedziela","XXX NIEDZIELA ZWYKŁA
W Archidiecezji Częstochowskiej:: Rocznica Poświęcenia Kościoła Katedralnego W Częstochowie
","Wj 22,20-26, Ps 18, 1 Tes 1,5c-10, Mt 22,34-40"
"2023-10-30","Poniedziałek","
W Archidiecezji Katowickiej:: Rocznica Poświęcenia Kościoła Katedralnego W Katowicach
","Rz 8,12-17, Ps 68,2.4.6-7.20-21, Łk 13,10-17"
"2023-10-31","Wtorek","

","Rz 8,18-25, Ps 126,1-6, Łk 13,18-21"
"2023-11-01","Środa","Uroczystość  Wszystkich Świętych
Wszystkich Świętych
","Ap 7,2-4.9-14, Ps 24,1-6, 1 J 3,1-3, Mt 5,1-12a"
"2023-11-02","Czwartek","I msza
Wspomnienie Wszystkich Wiernych Zmarłych
","Hi 19,1.23-27a, Ps 27,1.4.7.8b.9a.13-14, 1 Kor 15,20-24a.25-28, Łk 23,44-46.50.52-53; 24,1-6a, Dn 12,1-3, Ps 42,2-3.5; Ps 43,3-4, Rz 6,3-9, J 11,32-45, Mdr 3,1-6.9, Ps 103,8,10.13-18, 2 Kor 4,14--5,1, J 14,1-6"
"2023-11-03","Piątek","
Św. Marcina De Porres, Zakonnika
","Rz 9,1-5, Ps 147B, Łk 14,1-6"
"2023-11-04","Sobota","
Św. Karola Boromeusza, Biskupa
","Rz 11,1-2a.11-12.25-29, Ps 94,12-15.17-18, Łk 14,1.7-11"
"2023-11-05","Niedziela","XXXI NIEDZIELA ZWYKŁA

","Mi 1,14b-2,2b.8-10, Ps 131, 2 Tes 2,7b-9.13, Mt 23,1-12"
"2023-11-06","Poniedziałek","

","Rz 11,29-36, Ps 69,30-31.33-34.36-37, Łk 14,12-14"
"2023-11-07","Wtorek","

","Rz 12,5-16a, Ps 131,1-3, Łk 14,15-24"
"2023-11-08","Środa","
W Diecezji Płockiej: Rocznica Poświęcenia Kościoła Katedralnego W Płocku
","Rz 13,8-10, Ps 112,1-2.4-5.9, Łk 14,25-33"
"2023-11-09","Czwartek","Święto rocznicy poświęcenia Bazyliki Laterańskiej
Rocznica Poświęcenia Bazyliki Laterańskiej
","Ez 47,1-2.8-9.12 lub 1 Kor 3,9b-11.16-17, Ps 46,2-3.5-6.8-9, J 2,13-22"
"2023-11-10","Piątek","
Św. Leona Wielkiego, Papieża I Doktora Kościoła
","Rz 15,14-21, Ps 98,1-4, Łk 16,1-8"
"2023-11-11","Sobota","
Św. Marcina Z Tours, Biskupa
","Rz 16,3-9.16.22-27, Ps 145,2-5.10-11, Łk 16,9-15"
"2023-11-12","Niedziela","XXXII NIEDZIELA ZWYKŁA
Św. Jozafata, Biskupa I Męczennika
","Mdr 6,12-16, Ps 63, 2. 3-4. 5-6. 7-8, 1 Tes 4,13-18, Mt 25,1-13"
"2023-11-13","Poniedziałek","
Świętych Benedykta, Jana, Mateusza, Izaaka I Krystyna, Pierwszych Męczenników Polski
","Mdr 1,1-7, Ps 139,1-5.7-10, Łk 17,1-6"
"2023-11-14","Wtorek","

","Mdr 2,23-3,9, Ps 34,2-3.16-19, Łk 17,7-10"
"2023-11-15","Środa","
Św. Alberta Wielkiego, Biskupa I Doktora Kościoła
","Mdr 6,1-11, Ps 82,3-4.6-7, Łk 17,11-19"
"2023-11-16","Czwartek","
Rocznica Poświęcenia Rzymskich Bazylik Świętych Apostołów Piotra I Pawła
","Mdr 7,22-8,1, Ps 119,89-91.130.135.175, Łk 17,20-25"
"2023-11-17","Piątek","
Św. Elżbiety Węgierskiej, Zakonnicy
","Mdr 13,1-9, Ps 19,2-5ab, Łk 17,26-37"
"2023-11-18","Sobota","
Bł. Karoliny Kózkowny, Dziewicy I Męczennicy
","Mdr 18,14-16.19,6-9, Ps 105,2-3.36-37.42-43, Łk 18,1-8"
"2023-11-19","Niedziela","XXXIII NIEDZIELA ZWYKŁA
Bł. Salomei, Zakonnicy
","Prz 31,10-13.19-20.30-31, Ps 128, 1-2. 3. 4-5, 1 Tes 5,1-6, Mt 25,14-30"
"2023-11-20","Poniedziałek","
Św. Rafała Kalinowskiego, Prezbitera
","1 Mch 1,10-15.41-43.54-57.62-64, Ps 119,53.61.134.150.155.158, Łk 18,35-43"
"2023-11-21","Wtorek","
Ofiarowanie Najśw. Maryi Panny
","2 Mch 6,18-31, Ps 3,2-7, Łk 19,1-10"
"2023-11-22","Środa","
Św. Cecylii, Dziewicy I Męczennicy
","2 Mch 7,1.20-31, Ps 17,1.5-6.8.15, Łk 19,11-28"
"2023-11-23","Czwartek","
Św. Klemensa I, Papieża I Męczennika
","1 Mch 2,15-29, Ps 50 1-2.5-6.14-15, Łk 19,41-44"
"2023-11-24","Piątek","
Świętych Męczenników Andrzeja Dung-Lac, Prezbitera I Towarzyszy
","1 Mch 4,36-37.52-59, 1 Krn 29,10-12, Łk 19,45-48"
"2023-11-25","Sobota","
Św. Katarzyny Aleksandryjskiej, Dziewicy I Męczennicy
","1 Mch 6,1-13, Ps 9,2-4.6.16.19, Łk 20,27-40"
"2023-11-26","Niedziela","JEZUSA CHRYSTUSA KRÓLA WSZECHŚWIATA

","Ez 34,11-12.15-17, Ps 23, 1-2a. 2b-3. 5. 6, 1 Kor 15,20-26.28, Mt 25,31-46"
"2023-11-27","Poniedziałek","

","Dn 1,1-6.8-20, Dn 3,52-56, Łk 21,1-4"
"2023-11-28","Wtorek","

","Dn 2,31-45, Dn 3,57-63a, Łk 21,5-11"
"2023-11-29","Środa","

","Dn 5,1-6.13-14.16-17.23-28, Dn 3,64-70, Łk 21,12-19"
"2023-11-30","Czwartek","Święto św. Andrzeja, Apostoła
Św. Andrzeja, Apostoła
","Iz 49,1-6 lub Rz 10,9-18, Ps 19, 2-3. 4-5ab, Mt 4,18-22"
"2023-12-01","Piątek","

","Dn 7,2-14, Dn 3,77-82, Łk 21,29-33"
"2023-12-02","Sobota","
Bł. Rafała Chylińskiego, Prezbitera
","Dn 7,15-27, Dn 3,83-87.56, Łk 21,34-36"
"2023-12-03","Niedziela","I NIEDZIELA ADWENTU
Św. Franciszka Ksawerego, Prezbitera
","Jr 33,14-16, Ps 25,4-5.8-10.14, 1 Tes 3,12-4,2, Łk 21,25-28.34-36"
"2023-12-04","Poniedziałek","
Św. Jana Damasceńskiego, Prezbitera I Doktora Kościoła
","Iz 2,1-5, Ps 122,1-2.4-9, Mt 8,5-11"
"2023-12-05","Wtorek","

","Iz 11,1-10, Ps 72,1-2.7-8.12-13.17, Łk 10,21-24"
"2023-12-06","Środa","
Św. Mikołaja, Biskupa
","Iz 25,6-10a, Ps 23, 1-2a. 2b-3. 4. 5. 6, Mt 15,29-37"
"2023-12-07","Czwartek","
Św. Ambrożego, Biskupa I Doktora Kościoła
","Iz 26-1-6, Ps 118,1.8-9.19-21.25-27, Mt 7,21.24-27"
"2023-12-08","Piątek","Uroczystość Niepokalanego Poczęcia Najświętszej Maryi Panny
Niepokalane Poczęcie Najśw. Maryi Panny
","Rdz 3,9-15.20, Ps 98,1-4, Ef 1,3-6.11-12, Łk 1,26-38"
"2023-12-09","Sobota","
Św. Jana Diego Cuahtlatoatzin
","Iz 30,19-21.23-26, Ps 147,1-2.3-4.5-6, Mt 9,35-10,1.6-8"
"2023-12-10","Niedziela","II NIEDZIELA ADWENTU
W Diecezji Warszawsko-Praskiej: Najśw. Maryi Panny Loretańskiej
","Iz 40,1-5.9-11, Ps 85,9-14, 2 P 3,8-14, Mk 1,1-8"
"2023-12-11","Poniedziałek","
Św. Damazego I, Papieża
","Iz 35,1-10, Ps 85,9-14, Łk 5,17-26"
"2023-12-12","Wtorek","
Najśw. Maryi Panny Z Guadalupe
","Iz 40,1-11, Ps 96,1-3.10-13, Mt 18,12-14"
"2023-12-13","Środa","
Św. Łucji, Dziewicy I Męczennicy
","Iz 40,25-31, Ps 103,1-4.8.10, Mt 11,28-30"
"2023-12-14","Czwartek","
Św. Jana Od Krzyża, Prezbitera I Doktora Kościoła
","Iz 41,13-20, Ps 145,1.9-13, Mt 11,11-15"
"2023-12-15","Piątek","

","Iz 48,17-19, Ps 1,1-4.6, Mt 11,16-19"
"2023-12-16","Sobota","

","Syr 48,1-4.9-11, Ps 80,2-3.15-16.18-19, Mt 17,10-13"
"2023-12-17","Niedziela","III NIEDZIELA ADWENTU

","Iz 61,1-2a.10-11, Łk 1,46-50.53-54, 1 Tes 5,16-24, J 1,6-8.19-28"
"2023-12-18","Poniedziałek","

","Jr 23,5-8, Ps 72,1-2.12-13.18-19, Mt 1,18-24"
"2023-12-19","Wtorek","

","Sdz 13,2-7.24-25a, Ps 71,3-6.16-17, Łk 1,5-25"
"2023-12-20","Środa","

","Iz 7,10-14, Ps 24,1-6, Łk 1,26-38"
"2023-12-21","Czwartek","
Św. Piotra Kanizjusza, Prezbitera I Doktora Kościoła
","Pnp 2,8-14 lub So 3,14-18a, Ps 33,2-3.11-12.20-21, Łk 1,39-45"
"2023-12-22","Piątek","

","1 Sm 1,24-28, Ps: 1 Sm 2,1.4-8, Łk 1,46-56"
"2023-12-23","Sobota","

","Ml 3,1-4.23-24, Ps 25,4-5.8-10.14, Łk 1,57-66"
"2023-12-24","Niedziela","Wigilia Narodzenia Pańskiego

","2 Sm 7,1-5.8b-12.14a.16, Ps 89, Łk 1,67-79, Iz 9,1-3.5-6, Ps 96, Tt 2,11-14, Łk 2,1-14, 2 Sm 7,1-5.8b-12.14a.16, Ps 89, 2-5.27.29, Rz 16,25-27, Łk 1,26-38"
"2023-12-25","Poniedziałek","Msza św. o świcie
Narodzenie Pańskie
","Iz 62,11-12, Ps 97,1.6.11-12, Tt 3,4-7, Łk 2,15-20, Iz 52,7-10, Ps 98, Hbr 1,1-6, J 1,1-18"
"2023-12-26","Wtorek","Święto św. Szczepana, pierwszego męczennika
Św. Szczepana, Pierwszego Męczennika
","Dz 6,8-10;7,54-60, Ps 31,3-4.6.8.16-17, Mt 10,17-22"
"2023-12-27","Środa","Święto św. Jana, Apostoła i Ewangelisty
Św. Jana, Apostoła I Ewangelisty
","1 J 1,1-4, Ps 97,1-2.5-6.11-12, J 20,2-8"
"2023-12-28","Czwartek","Święto świętych Młodzianków
Św. Młodzianków, Męczenników
","1 J 1,5-2,2, Ps 124,2-5.7-8, Mt 2,13-18"
"2023-12-29","Piątek","Oktawa Narodzenia Pańskiego
Św. Tomasza Becketa, Biskupa I Męczennika
","1 J 2,3-11, Ps 96,1-3.5b-6, Łk 2,22-35"
"2023-12-30","Sobota","Oktawa Narodzenia Pańskiego

","1 J 2,12-17, Ps 96,7-10, Łk 2,36-40"
"2023-12-31","Niedziela","NIEDZIELA ŚWIĘTEJ RODZINY
Św. Sylwestra I, Papieża
","Syr 3,2-6.12-14, Ps 128, Kol 3,12-21, Łk 2,41-52"
"2024-01-01","Niedziela","NIEDZIELA ŚWIĘTEJ RODZINY
Św. Sylwestra I, Papieża
","Syr 3,2-6.12-14, Ps 128, Kol 3,12-21, Łk 2,41-52"
